Id,Designator,Package,Quantity,Price per unit,Designation,Supplier and ref
3,"C1,C1,C1,C1,C1,C1,C1,C2,C2,C2,C2,C2,C2,C2,C3,C3,C3,C3,C3,C3,C3,C5,C5,C5,C5,C5,C5,C5,C1,C2,C3,C5",C_0402_1005Metric,32,,0.1uF,
4,"R5,R5,R5,R5,R5,R5,R5,R6,R6,R6,R6,R6,R6,R6,R5,R6",R_0402_1005Metric,16,,2k,
5,"R3,R3,R3,R3,R3,R3,R3,R9,R9,R9,R9,R9,R9,R9,R8,R8,R8,R8,R8,R8,R8,R2,R2,R2,R2,R2,R2,R2,R1,R1,R1,R1,R1,R1,R1,R4,R4,R4,R4,R4,R4,R4,R1,R2,R3,R4,R8,R9",R_0402_1005Metric,48,,10k,
16,"C7,C7,C7,C7,C7,C7,C7,C6,C6,C6,C6,C6,C6,C6,C4,C4,C4,C4,C4,C4,C4,C4,C6,C7",C_0402_1005Metric,24,,10uF,
17,"R7,R7,R7,R7,R7,R7,R7,R7",R_0402_1005Metric,8,,47,
,,,total no parts:,total price:,,
,,,128,,,
